timestamp,latest:startupTimeMs,latest:minHeapUsed,latest:maxHeapUsed,latest:totalAllocatedMB,latest:totalGCTime,latest:maxThreadContextSwitchRate,latest:iterationAvg,latest:iterationP95,latest:requestAvg,latest:requestP95,latest:netReadAvg,latest:netWriteAvg,latest:peakThreadCount,latest:averageCpuUser,latest:maxCpuUser,none:startupTimeMs,none:minHeapUsed,none:maxHeapUsed,none:totalAllocatedMB,none:totalGCTime,none:maxThreadContextSwitchRate,none:iterationAvg,none:iterationP95,none:requestAvg,none:requestP95,none:netReadAvg,none:netWriteAvg,none:peakThreadCount,none:averageCpuUser,none:maxCpuUser
1630019009,17680,63389184,343734272,15030.631538391113,2312066580,35441.844,143.85228215300054,225.65559020000003,10.653712888233297,33.57872805,5758021,30197769,48,0.54803574,0.67676765,16045,53190144,278803456,9656.63459777832,1744488594,35518.785,134.67895589980034,223.49711505,10.02650081569989,31.05243,6102249,8633926,41,0.55241036,0.78109455
1630513972,18651,63368704,301395968,14865.50717163086,2888947050,31476.5,159.48945960619997,245.57344775,11.688459829977864,37.42152000000001,5184720,27301510,48,0.53339726,0.6666667,17042,52953088,240123904,9238.697166442871,2016410013,31938.105,147.39857306000042,240.64942220000006,10.867860883522113,34.60494060000001,5568172,7937051,42,0.53449756,0.76884425
1630559316,17466,61766656,302647808,15144.454261779785,2693794217,35574.844,140.1210324973998,217.19448200000002,10.326436653833392,32.487031,5913723,31068890,47,0.553476,0.675,14837,49283072,298319872,9641.958534240723,1950742888,36286.598,133.56771328779956,230.06708165,9.935079470366796,31.304199700000005,6169857,8761108,41,0.56294286,0.79
1630645645,14196,70778880,348127232,14621.467964172363,1908216042,42764.6,115.32765950380012,180.37574845000003,8.45949628317777,26.698016150000022,7174811,37618072,46,0.54245913,0.67,13412,55050240,295079936,9910.292709350586,1660936476,40559.945,110.1759721484,180.98639244999998,8.170754952744355,25.442109000000006,7516806,10510139,40,0.55121297,0.79
1630732057,14665,70778880,381157376,15322.572845458984,1966689941,38726.008,124.57510905020041,195.54926475000005,9.175064687277882,28.605001900000012,6642823,34947594,46,0.5456317,0.65,13248,52303360,323879424,10167.193534851074,1437517537,42958.51,115.64926763140016,193.6061467,8.605503656544391,26.708746150000028,7145766,10030659,40,0.5528799,0.83
1630818441,14475,68681728,336705536,14678.027473449707,1998437845,42992.703,116.61856646780004,186.9202684,8.610780458766728,27.240501950000002,7081887,37044468,47,0.5454891,0.6386139,13223,56098816,306184192,9556.12036895752,1340524749,37992.4,113.72187521740018,200.82351380000003,8.432324260755612,26.955535,7274258,10193713,41,0.55875593,0.8592965
1630905020,19868,62390272,304073216,14633.470474243164,3099935621,28322.6,178.33827160340033,281.08790015,13.029271563944484,41.888333900000035,4637544,24461394,49,0.52820987,0.6532663,17381,48758784,242833920,9503.070785522461,2311003093,31345.73,168.18754881980018,278.4844987,12.418634379933392,39.175350200000004,4882658,7000933,43,0.53347737,0.83919597
1630991315,16469,61865984,351737856,14621.028533935547,2454672708,33711.27,138.59149177919997,216.05786270000002,10.224114269666645,32.01663130000001,5988924,31233095,47,0.5432418,0.665,16261,51672064,278667776,9666.405639648438,2145374092,32046.395,132.80726526400014,221.0836073,9.8251460130778,30.22730070000001,6202896,8735352,40,0.5598812,0.7832512
1631077674,15645,62128640,325058560,14642.392677307129,2167517594,40634.625,125.34186848380003,196.67732620000004,9.216176185222306,28.84472095000001,6599283,34694993,46,0.55176973,0.65174127,16006,52428800,281937408,9522.735534667969,1633340912,36651.145,122.20615833999985,217.88022330000004,9.10428712441108,29.110681400000008,6724728,9452111,41,0.56070346,0.845
1631164079,15237,63922688,360259584,14699.031547546387,2047398004,38374.2,123.6583470756001,191.41254220000002,9.101262022466768,28.531797750000003,6715476,35099297,46,0.5467045,0.6188119,13329,51904512,278921216,10019.035949707031,1702917308,38066.895,119.4512113355998,199.6451351500001,8.877231189577866,27.886848800000017,6911045,9672471,41,0.55809444,0.85858583
1631250506,16696,66584576,326093824,15153.060356140137,2523619616,34387.46,139.2343856626002,220.29703665000002,10.230002439166746,32.75453945000002,5938138,31222935,48,0.55444837,0.69849247,15209,48595456,292960256,9591.198287963867,1645439852,36427.316,133.52558027959984,228.36386960000002,9.935294519533343,30.82616755000001,6178639,8728112,40,0.5576721,0.7929293
1631336861,14683,63425536,357488128,14620.327796936035,1942429320,37705.508,129.10986311260018,203.88163775,9.523795189777674,29.905684050000023,6402719,33551458,46,0.5490825,0.6930693,13608,51646976,254646784,9459.30532836914,1661807217,36588.1,114.5288635898003,189.60793405,8.50608016245536,26.722692300000006,7216922,10078377,40,0.5563698,0.8274112
1631423248,14600,64984576,361597440,15071.4619140625,2127547178,37291.527,121.20490697020017,195.41699425000004,8.968236564577708,28.833129250000006,6830002,35718862,48,0.55016756,0.67839193,13291,55050240,255143936,9876.363967895508,1762199702,37106.09,112.22125118820037,187.2277453,8.314445269933406,26.06578300000001,7341392,10291519,41,0.5582153,0.7821782
1631509789,18679,62104064,303547904,14692.246681213379,2637522549,31281.104,174.43296464739925,268.63317085000006,12.757451807822203,40.15137805000001,4729248,24860107,49,0.5335956,0.65656567,17757,48758784,249333760,9498.22119140625,2006837223,31713.129,162.3524749943991,256.49985470000007,11.95582708662207,37.054559000000005,5039698,7218422,41,0.53513443,0.84
1631596061,15295,68157440,333900288,14868.078872680664,2197274104,37470.676,121.87126976319989,192.02669475000002,8.975592227888953,28.53497000000001,6796864,35616172,47,0.5488693,0.655,13707,52953088,282507776,9674.347640991211,1571480568,36292.336,115.23862495080004,199.70313525,8.550868079200024,26.85188490000003,7142012,10023281,41,0.5617254,0.845
1631682517,17704,65831424,321553408,14569.084480285645,2477642701,33488.812,137.0188612160001,218.46067925000006,10.069433145811006,31.678835150000022,6013211,31617728,48,0.53946716,0.65174127,18194,48072704,263023104,9506.597244262695,1819038244,36121.8,135.07898815600058,247.37079225000005,9.995288293522181,31.360907200000025,6071759,8614756,40,0.5569334,0.8241206
1631768877,15145,66584576,325700096,14892.446250915527,1975083497,38132.3,124.0524482503998,192.49545395000004,9.104603891377755,29.196390900000015,6681527,34935035,47,0.52092737,0.62376237,14859,51904512,257949696,9572.003280639648,1562395196,33624.137,120.19383392120015,199.913053,8.809967272944554,27.803627000000002,6856396,9610962,40,0.53870165,0.82587063
1631841921,18731,64487424,344981504,14879.076889038086,2360782658,30487.01,156.73924389880005,241.81156430000004,11.473598770155487,35.8346817,5260430,27636010,48,0.527761,0.6467662,18080,51380224,329617408,9559.343238830566,2283600743,30911.244,148.67186920159992,248.36975060000006,10.988808668766564,34.98703900000001,5519157,7868341,42,0.53790647,0.8484849
1631855493,15334,68157440,316302848,14762.873634338379,2170343146,39153.152,122.1547558439994,190.9285437,9.03177345723337,28.312538000000007,6767493,35399996,47,0.55349755,0.64,14810,56946176,305493504,9694.01895904541,1471645638,38275.945,116.86827254359969,197.11319205,8.687288285588817,27.116940700000008,7063494,9866798,40,0.560984,0.8241206
1631941706,17360,62156800,321025536,15005.054100036621,2652994183,34724.5,140.19501549780009,220.19299060000006,10.315919213444337,32.45165905000002,5903068,31088756,48,0.55536455,0.695,14999,51380224,275623936,9910.898529052734,1816658696,34810.92,132.70066125919996,224.68248325000002,9.840973518911024,30.761048300000002,6206704,8767996,41,0.55881137,0.785
1632028101,16563,64788992,317004800,14073.710800170898,2063283784,35367.49,130.0857907720002,202.4873152,9.543251117555599,29.637662050000007,6361169,33152888,45,0.5444666,0.6432161,14962,51380224,251133952,9670.25528717041,2031299763,33057.004,126.16560803139946,209.70097650000005,9.373903808610986,29.276325750000016,6525355,9184174,40,0.55663985,0.8019802
1632114527,17394,62731256,310902776,13831.399856567383,2298577190,32846.9,144.49116495580006,219.54499815000003,10.631875160488981,32.94968815000002,5718256,29865713,46,0.55150187,0.66169155,17454,52428800,264691712,9651.522171020508,1972050396,35560.832,135.59933433239974,222.43331365000006,10.126366631444412,31.06022095000001,6059971,8583342,40,0.5562235,0.785
1632200893,16283,63963136,331210752,13963.541023254395,2038284394,34993.3,128.0651935633997,199.3463389,9.427610917144492,29.340080650000004,6470615,33712481,46,0.54146534,0.6381909,17184,52204544,265137144,9800.33000946045,1799783654,34168.863,125.55857074080014,206.3336548,9.33588730231102,29.174124000000003,6539349,9202559,41,0.5548672,0.8291457
1632287314,16316,65861120,344231936,14257.656944274902,1826994212,37488.65,127.58165127080048,200.8486003,9.412418578044463,29.441910000000004,6474872,33547555,47,0.54136,0.65656567,14894,54535168,278789632,9940.166694641113,1912144204,37040.0,127.23730965220008,221.13771005,9.497032749555572,30.331517000000012,6452942,9129726,41,0.5633001,0.82587063
1632373751,17562,60817408,344981504,14027.01773071289,2045455825,33289.4,154.0665336860001,233.66256240000004,11.300651668866877,34.90172175000001,5364183,28093228,47,0.54914236,0.64179105,17524,49283072,255852544,9590.890647888184,1932587965,32443.31,145.80000817780004,246.39839290000006,10.810158219133418,33.68469855000002,5628500,8010181,42,0.5551721,0.79899496
1632460191,19559,63963136,313524224,14032.705261230469,2197881906,37404.08,167.9555188756003,261.12784975,12.287097896000029,38.4053351,4923331,25826093,48,0.52332187,0.6818182,17514,51756544,251998720,9422.829597473145,1962947140,30716.2,162.00231307160064,274.8140118500001,11.94848242952228,37.44807965000001,5046838,7226109,42,0.53293985,0.8241206
1632546595,18631,63855616,300559872,14023.698020935059,2388800902,30083.584,168.99799611419976,257.74762385,12.278443061877596,38.569914350000005,4885109,25617062,47,0.5253178,0.65841585,16405,48970752,267698920,9533.521156311035,2250712636,31643.064,163.47928929620014,261.83418815000005,12.03232253101105,37.8364361,5027024,7206862,42,0.5355875,0.77
1632633002,19676,66060288,326107136,13669.365112304688,2258228052,27825.535,179.33386490259977,272.71264675000003,13.127310485422278,40.67669210000001,4605246,24171838,47,0.5293927,0.6363636,17390,49674752,296614400,9319.09220123291,1723579852,29443.434,165.2894688358002,269.12440985000006,12.18762071632224,38.17714085000002,4958749,7109102,42,0.5281959,0.805
1632719357,17775,62390272,317651456,13703.158088684082,2214530033,30519.947,159.52522741600055,244.51977845,11.621048086689045,36.385018900000006,5172989,26990113,46,0.5263256,0.6381909,17257,46661632,261989376,9637.401153564453,1746211438,30165.5,153.34596686819944,250.24214215000003,11.283185301533205,35.31175400000002,5358899,7633827,42,0.52367353,0.83
1632805772,18037,64487424,302673920,14289.342750549316,2377513204,30221.0,164.1751957635997,250.40044765000005,11.960228326244485,38.00807315000001,5032448,26434219,47,0.5321572,0.64467007,17391,51904512,310577040,9743.308158874512,2268641502,33269.188,156.3766946742001,258.6754873,11.472774663566694,35.820605300000004,5237397,7486540,41,0.53398323,0.7839196
1632892244,20749,63889408,281018368,13816.746551513672,2668169724,25475.314,190.81974371200002,291.5843891,13.880790246210928,43.04055680000002,4315514,22709889,47,0.5283998,0.67,18075,47554048,279335424,9190.13021850586,1866683588,28464.246,184.53060788659948,299.86091975000005,13.602410752555572,42.353384250000026,4436003,6421466,43,0.5417135,0.82758623
1632978671,22915,60817408,362048000,13697.30135345459,2331395725,27343.4,200.81120877839984,309.59852365,14.888712748555454,45.14017590000003,4107732,21633462,47,0.55526024,0.6919192,19289,46080000,267223040,9676.636932373047,2266515868,27799.02,193.23945356580035,315.39770170000025,14.434550649977762,43.96412805000003,4237121,6141167,43,0.56322163,0.7920792
1633064962,18307,65970688,300913152,14174.403884887695,2205958917,34798.04,160.4978192040003,249.894285,11.74462587034447,36.90974400000002,5155230,26946382,48,0.52190375,0.6381909,18089,49807360,260498944,9673.500030517578,1813735633,28767.01,151.38625649859944,252.37294215000003,11.129792241977688,35.3805921,5413287,7720823,42,0.52710426,0.7839196
1633151395,19072,65857024,313840640,13811.788711547852,2389151374,29884.334,175.0087761229993,264.7066244,12.749374870599988,39.97674405000001,4716990,24709808,47,0.523014,0.64646465,16619,54001664,241100672,9765.883911132812,2129100853,31152.7,162.03574573060018,264.17217205000003,11.9638417651778,37.36730535000002,5046756,7233696,42,0.5309941,0.785
1633467124,17716,66459648,322867200,14053.75894165039,2110643987,31162.7,149.94182488859929,233.94353215,10.97695059074467,34.32330700000002,5510109,28741074,47,0.5440799,0.695,17109,48081920,257346048,9637.004333496094,2037745231,32519.037,142.8397274075998,233.06455785000009,10.575505529766662,32.94065240000001,5761604,8166574,41,0.5471706,0.8341709
1633496940,17890,62692864,309241856,13691.87680053711,2221155781,32263.795,151.89165834320016,233.41150860000005,11.18384736852222,34.566812250000005,5425499,28186062,46,0.54132974,0.67336684,16175,48397312,269342208,9347.808387756348,1837012578,31938.707,145.37459463940024,243.2183206000001,10.796755425622376,33.6881736,5639969,8021307,42,0.550909,0.80099505
1633583586,18874,62804992,313449976,13796.108749389648,2363458039,29404.42,170.31496054059946,260.33756220000004,12.447436655855466,39.14731935000002,4840102,25326658,48,0.52910864,0.685,16436,53307904,274726912,9572.728065490723,1891521541,33555.844,160.55347278380012,266.07019065000003,11.780954996922116,36.63007555000002,5103795,7306004,41,0.5328045,0.79396987
1633669676,15639,67108864,352692736,13931.297271728516,1732418728,34791.82,132.92549192080034,206.86420795000004,9.83756137056668,30.22455950000001,6206965,32198246,46,0.5449959,0.6666667,14653,50022400,245366784,9658.211975097656,1744798202,41073.094,124.12041625140023,211.14019700000003,9.233021426000022,29.070293000000007,6641794,9343298,41,0.560383,0.845
1633756091,15424,61547520,339610624,13724.334594726562,1834521150,37444.0,131.95329535139987,203.4879913,9.738362455499962,30.52138860000003,6240699,32455254,46,0.5422419,0.68844223,16507,51380224,276690432,9618.40763092041,1672366866,38831.7,128.1598498600002,218.60384820000004,9.527392911844519,30.020715100000025,6428984,9064413,40,0.5556165,0.8159204
1633842575,18541,61865984,320864256,13991.194709777832,2346175425,31389.184,151.42662653380003,237.25799835,11.161837569144534,35.241916100000005,5413296,28346871,47,0.54602635,0.66831684,24243,47943168,240374784,9650.187850952148,2050713857,30246.375,144.94113642500017,242.05492415000003,10.788621259422332,32.6749968,5645616,8033483,41,0.55419815,0.805
1633929031,21084,62828032,327064064,13494.189720153809,2352370054,28244.4,183.6723055194002,278.82788715000004,13.390934274444641,41.563348950000005,4486850,23568648,48,0.516908,0.6482412,22562,46790656,245891072,9274.017601013184,2446029530,28544.809,173.15378151500005,280.626537,12.781295603866722,39.41073385,4724147,6798749,43,0.5168558,0.825
1634015418,20079,59244544,311380992,13518.833145141602,2347487774,28216.322,178.35931816620024,272.07290165,13.040500530877788,40.19352005000001,4623160,24163352,47,0.52488875,0.665,21588,48758784,308954624,9671.332992553711,2441917851,26678.365,168.01597494139992,270.27412150000004,12.361221908833429,38.241451150000024,4864342,6984787,43,0.5270352,0.8291457
1634101748,18088,63402496,307159040,13783.981491088867,2308430970,30172.0,151.53812094140068,234.8281661,11.147517132344444,34.69726090000002,5417762,28236916,48,0.5467406,0.655,17413,50054656,249308160,9436.986709594727,1926879501,32826.457,143.19776692720026,243.81314790000002,10.575726533688934,32.900699,5733081,8161952,42,0.5509795,0.825
1634188201,19239,63438840,330268664,13984.471717834473,2236295005,30478.0,171.10426803300066,261.78810585,12.459576509655507,38.69184950000001,4807056,24995418,47,0.5225825,0.64179105,20279,48470016,272864312,9668.19857788086,2449345326,29932.406,161.71670275799968,259.11500425000014,11.864743337977783,37.119454050000016,5047244,7245425,42,0.53215325,0.85
1634274511,16515,64792576,314531840,13918.855773925781,1975080624,33728.164,139.49242240999973,217.66158275000004,10.28000169571109,31.631078900000013,5928444,30787317,46,0.5495718,0.67171717,16009,53477376,268519528,9412.53727722168,1919861909,37551.51,136.26837322079965,224.6699541,10.146843857833348,31.397052750000018,6013748,8508005,40,0.55918986,0.79
1634361015,20070,62796800,306911744,13621.866653442383,3016136774,31225.719,179.7031770840002,275.68040235,13.124363016766901,41.26182680000002,4583213,24068945,49,0.5279902,0.66,19669,47826944,316492800,9495.297050476074,2371907643,29509.75,169.56274812179984,268.3544530500001,12.436263969355593,39.2095241,4823564,6931585,43,0.53301924,0.80597013
1634447284,15707,64727040,328204288,14000.963989257812,1985110993,35708.527,132.50865189760026,201.80662890000002,9.743710881666642,30.53661730000001,6215983,32502063,47,0.5423455,0.6432161,15773,49142272,253755392,9956.1538772583,1795005496,32219.1,130.3666297224006,229.51749905000003,9.639894721855566,29.787981500000026,6296284,8885322,40,0.5596444,0.77
1634533729,17556,64487424,362664448,14113.053489685059,1743169820,38395.84,145.88270273819995,234.528163,10.754106389866546,33.279361900000005,5636036,29447412,47,0.55361444,0.685,17139,52953088,278921216,9998.267539978027,1759604076,32449.676,145.85500170340003,249.59185880000004,10.832646709333332,33.34069190000001,5623466,7992923,41,0.56207305,0.815
1634620213,20010,62914560,312075264,13424.874015808105,2304412404,28412.21,174.57568359639916,266.1130777,12.7379352444888,39.834071,4711726,24655661,48,0.52319854,0.6865672,21169,47122944,259522560,9442.806732177734,2172665781,30098.771,167.85916195619924,270.5416472,12.390020645011235,38.98795025000002,4879363,7017900,44,0.53272235,0.7929293
1634706493,16620,64514048,313119744,12971.372543334961,1839809910,34016.297,133.28800065979996,206.52009365000004,9.800864165911198,30.56535685,3122400,16760056,45,0.54538697,0.6381909,17084,49807360,261528576,9649.294075012207,1779920308,34140.6,129.4888592572002,215.32122195000002,9.606674304155566,30.005527050000012,6347528,8933669,40,0.55895716,0.83
1634792868,15455,63890944,312877568,12981.357307434082,1886417183,37676.566,126.0833546414005,195.56069135,9.249973507633312,28.901623050000012,3301686,17614831,45,0.53611803,0.63054186,14845,50331648,246939648,9340.669235229492,1684732168,34915.344,120.66310409160019,194.8733186,8.952491834277732,27.38284395,6816650,9575497,40,0.5522202,0.840796
1634879616,18768,62767616,267386880,12909.019386291504,2385403415,30453.838,156.3922915785997,242.37545625,11.520615004344362,35.725112250000016,2644323,14120670,47,0.55164427,0.6666667,17413,48234496,278559456,9348.528678894043,2212205804,30767.842,150.19436126519994,255.67365165000015,11.171858454422308,34.498805050000044,5459925,7762935,43,0.55265176,0.79899496
1634965773,18720,62275584,265333248,12745.800552368164,2571581236,33162.1,159.76617443739954,244.58025310000002,11.63244677848904,36.93082575000001,2594473,13806241,47,0.5196011,0.6482412,20214,50940928,314585280,9571.710838317871,2318195141,29464.82,157.55119387500002,253.48395495000008,11.624184254122396,35.90044265000002,5205053,7436414,41,0.52569604,0.83
1635052287,16894,63963136,324009984,13025.47452545166,1999031662,32776.59,197.0965084264002,323.3338503000001,14.639581582899972,45.27304065,2093249,11257001,49,0.5547439,0.6482412,27041,49917952,241884240,9355.489562988281,2341434008,29202.66,197.58054280220043,333.74808315,14.78269165435544,45.79664155000003,4139164,6017482,43,0.56868804,0.8241206
1635138630,21342,59095552,335544320,12760.788764953613,2160650965,34512.14,165.04343300779993,257.72030665,12.107223726688868,37.49044880000002,2507993,13397959,48,0.53865,0.69154227,20488,46780928,293468648,9572.87134552002,2426498325,29908.646,160.6043751688002,267.74668185,11.916263463522194,36.959731400000024,5096075,7303165,42,0.56085026,0.835
1635224889,16575,60826616,364904440,12910.688201904297,1691522750,33505.2,132.38733464999987,208.34575365,9.74570087710007,30.326267050000002,3128726,16707655,46,0.54307276,0.6467662,17345,54001664,260940288,9700.628074645996,1699362760,34662.37,130.1436287031999,219.2092474,9.666506471044567,29.84895320000001,6309413,8898831,40,0.56622505,0.840796
1635311408,20734,62526976,306883584,12995.127838134766,2280628593,29597.34,175.65265678159992,268.9270711,12.800679978688883,40.30699550000002,2356678,12636075,47,0.51663846,0.67336684,18826,50195456,259742056,9317.93480682373,2350177744,29632.693,168.32231201040037,268.03647785000004,12.360166217388953,38.5605146,4861980,6979600,42,0.5262409,0.8190955
1635397763,19009,64019968,328073216,12811.594413757324,1997576502,31226.486,154.70975817780024,237.4845244,11.353688719822262,35.27881800000001,2678974,14310286,47,0.539479,0.65,17665,53477376,307017216,9407.244567871094,2293191510,32467.127,149.08150692359948,254.45911900000016,11.066443942433379,34.282400700000025,5501503,7836221,41,0.5581288,0.85643566
1635484173,18674,65331712,311427072,13298.360237121582,2307455256,29373.064,159.9497524248003,247.28504040000004,11.765034758233057,37.13197940000002,2594643,13900456,48,0.55108637,0.6834171,17597,52720640,242211328,9456.598022460938,2247467375,31500.398,152.6325127346001,264.5279841000001,11.343082040178032,34.88624230000003,5377264,7657891,41,0.5605172,0.8606965
1635570476,16342,63216128,321477120,12834.04800415039,1683960584,41787.57,125.87071997380026,195.25086995,9.20744839520013,28.571103100000013,3296757,17587018,45,0.5342034,0.6666667,15911,53808128,309704192,9537.472465515137,1917836262,35467.46,125.6299621343998,207.12006680000007,9.341391674188806,29.14719005000002,6534825,9180160,40,0.55549496,0.8088235
1635656886,16503,63546368,308238848,13554.45026397705,1998503091,36565.19,132.95213599500053,207.31982305,9.795182059411097,30.977995950000004,3123124,16685402,47,0.54648167,0.71,15933,49235968,279970304,9644.710227966309,1934001090,39900.6,127.26516986200004,210.15994805000003,9.420678289055681,29.19652745,6452033,9108844,40,0.5553909,0.79
1635743342,18654,65327616,308281344,13041.108345031738,2223770502,33462.0,150.65785751639973,234.37645225000003,11.074304668333294,34.278232,2748730,14752925,46,0.54369617,0.7035176,17477,50210304,289226240,9742.672233581543,2048068120,29313.2,145.09389682040012,246.61931810000002,10.788409371366592,33.44108105000001,5650299,8038499,42,0.55696356,0.86
1635829763,19855,61707264,313441792,13106.198989868164,2217733549,30631.3,152.5465630835997,232.66057965,11.214271870733347,34.3519834,2722525,14530594,46,0.54458046,0.65829146,23724,49219584,249081344,9679.045639038086,2037999869,31621.176,149.3816144230002,239.5058988,11.07512667835558,33.81893525,5488050,7826471,41,0.5621028,0.83168316
1635916160,19682,62914560,317302784,12856.473121643066,2156481158,31627.611,159.11817614180015,245.2041036,11.698133894211088,35.9641761,2606129,13921620,46,0.5408213,0.66,18643,49283072,281018368,9673.825698852539,2136663163,33375.71,150.8532330598004,248.84122265000002,11.20803072801122,34.76023620000001,5416605,7708097,41,0.55138487,0.855
1636002515,17548,63379456,313524224,12879.096252441406,1956037365,40957.32,140.06038053620065,220.38548625,10.229675837677805,31.894639900000012,2958470,15818821,47,0.54884714,0.6766169,16991,48663552,246287184,9601.695991516113,1954633843,32995.3,136.25105161099984,225.48864795000006,10.04833187268885,31.28168800000001,6022724,8536740,42,0.5585634,0.83
1636088958,19548,61341688,325058552,12977.161209106445,1980896666,31725.027,152.7966971005997,238.6754209,11.199656946833302,34.257548750000005,2717064,14461037,46,0.53977716,0.65829146,18259,51380224,227540992,9374.607070922852,2158214577,33444.2,146.74036498679982,247.76961310000007,10.821543877255579,33.39786290000001,5568240,7931668,41,0.55188286,0.8366337
1636175374,18742,61341696,324009984,12972.79672241211,1963329544,30719.855,160.78375491559999,251.67624835,11.687758656677767,36.9589225,2572263,13789383,47,0.51652056,0.685,18744,51904512,270713920,9748.122993469238,2278420080,29487.014,159.4542435816,259.50383280000005,11.678752807489074,36.308769600000005,5137793,7370970,41,0.53197074,0.8442211
1636261748,17687,61656576,299880960,12773.156478881836,1917955265,32514.098,146.99231239720044,229.0255521,10.702836326488907,34.157321950000046,2812168,14895837,47,0.52101123,0.6532663,18565,52953088,314316656,9647.237808227539,2105998148,30731.154,145.69371221460028,243.55899895000005,10.666275923988994,33.1711676,5623867,7999162,41,0.5390421,0.82
1636348153,18849,61669888,310378496,12877.14828491211,2028439455,31893.4,153.18189370639976,237.28449870000003,11.21508252012235,34.62883225,2710120,14507947,47,0.5431277,0.64851487,18190,49807360,247503848,9674.006462097168,2212355872,33599.94,147.08206336079968,237.05717455,10.927917476677697,33.19984805000001,5572593,7938827,41,0.5523473,0.81407034
1636434559,18963,61842432,299853312,12702.340339660645,2158893991,32788.484,151.76393581700037,235.18147145000003,11.101471682055728,34.57407430000001,2718028,14521234,46,0.5433524,0.6532663,19771,50728960,248210944,9754.987350463867,2061175159,32321.732,146.0180976885998,244.4626021000001,10.75081307108888,33.12355815000001,5602997,7993758,42,0.55775726,0.8208955
1636521023,21124,58843136,299159040,12710.084922790527,2257741006,29457.809,180.87171050819964,277.9729661500001,13.191163281677834,41.07236195,2288344,12244933,47,0.522169,0.6479592,19953,48167936,266602784,9654.138877868652,2325574676,28139.617,175.27886477019996,289.70290465,12.883914730377894,39.98063735000001,4662864,6735834,43,0.53362054,0.8341709
1636607358,17643,60594176,328204288,13079.791679382324,1836880300,29398.041,156.43907270199918,244.30763815000003,11.388847091522292,35.4980685,2634050,14076043,46,0.51698935,0.615,17217,50855936,250392064,9439.299407958984,1861071525,32407.037,150.2288019128002,240.82783215,11.02012823354435,34.59458250000001,5455740,7791137,41,0.5353322,0.78606963
1636693847,20059,59409408,303388160,13107.534065246582,2237321637,35397.8,173.63887635740014,270.28744535000004,12.659895196311092,40.37106985,2388008,12805911,49,0.52678967,0.64179105,20973,46546432,307612000,9701.898948669434,2479208124,32222.877,166.57711770980015,275.43497075,12.238753386311103,38.54217150000002,4894951,7050356,43,0.5371827,0.8
1636780089,15662,64622592,332398592,13295.113342285156,1762432956,36717.156,130.63142032780033,202.93069000000003,9.588789434055471,29.87688395000001,3174162,16923751,45,0.53830636,0.625,17059,49670144,275934064,9681.581771850586,1888860716,33905.453,126.31432862560007,217.41099740000013,9.338259858911133,28.840781200000006,6498959,9184488,41,0.5606217,0.81407034
1636866604,20181,62079480,295333880,12954.170532226562,2248787031,30129.986,172.78692083979942,264.7934,12.548551223155533,39.356908450000006,2398289,12905175,47,0.528075,0.655,19322,46816256,268470016,9528.8285446167,2359134225,31066.48,166.6219980352003,270.1720947,12.193051558977666,37.819986000000014,4900768,7047753,43,0.5313047,0.81313133
1636952899,16410,68681728,326426112,12902.3603515625,1707210655,34390.9,127.77661860740042,201.48178235,9.35970353306668,29.272730050000003,3249014,17356515,46,0.53449076,0.6482412,17187,48453120,279691784,9779.710632324219,2008782467,33330.766,129.32219979800058,214.30111280000003,9.526092879199867,29.41214675000002,6353863,8975340,41,0.5571554,0.817734
1637125764,19821,63419904,308281344,12797.55248260498,2100481178,31291.3,155.53946181460054,240.5835296,11.375001797333518,35.554437750000005,2665650,14294788,47,0.5398796,0.655,17554,49807360,318317568,9824.763496398926,2268304966,31412.928,147.3052052604001,236.01956150000004,10.870987345766723,33.59315665000001,5559837,7924401,42,0.55232537,0.8366337
1637212088,15566,65011712,342647808,13131.609237670898,1666036544,34222.746,131.14854480340026,204.59540395000002,9.600035268200052,29.888592850000006,3158691,16862473,46,0.5488522,0.6532663,15586,57147392,249473024,9853.928253173828,1803951825,39095.39,129.27226294419967,209.10015935,9.56787008903321,29.4922505,6361902,8992499,41,0.5693583,0.840796
1637298535,18773,65515008,334495744,12881.495094299316,1939318057,38228.81,147.09459309680034,227.04154055,10.80262823681117,33.25188695000001,2804599,14973435,47,0.54152274,0.6633166,17204,48889344,263479200,9571.407554626465,2125161389,33068.36,144.35231340100046,237.98248095,10.66190199932208,32.961136850000024,5695901,8116560,42,0.55790836,0.7960199
1637384975,19015,65536000,299830784,12868.822257995605,2189530348,33597.402,160.67358480699983,245.33103895000002,11.664102149155623,36.33267565000001,2575410,13791450,47,0.52338034,0.665,18932,52428800,310819360,9510.135536193848,2300477512,33000.4,160.13632423200002,271.96146495000016,11.755551993933231,36.51154450000003,5111411,7318208,41,0.55097395,0.79899496
1637471341,17453,62076416,320718848,12560.834342956543,1654720788,32549.234,149.1968915900002,232.74509235000002,10.842173309499954,33.9006429,2781668,14863282,46,0.51833326,0.6633166,18167,52428800,277439280,9435.906867980957,1983044469,35660.168,143.92832260939994,240.24107370000013,10.564618691377733,33.00845505,5714207,8130411,41,0.53859174,0.8159204
1637557767,18101,61612544,305054208,12914.893325805664,2143174262,33642.973,154.07424158960023,236.4389175,11.275465970922404,35.6275979,2693996,14477774,47,0.5542179,0.65,17694,54001664,288808448,9667.125694274902,2016658191,33625.426,143.6446762336003,244.46755490000004,10.58779402305548,32.67417145000001,5719424,8138757,41,0.5598964,0.8172589
1637644077,15510,61865984,348445696,13172.719680786133,1598637296,37585.31,128.21015167740006,197.72372620000002,9.443623215344415,29.522404050000006,3237884,17324850,46,0.5483813,0.6318408,14235,56098816,276305136,9631.816917419434,1655097484,37170.465,118.1340720736001,194.1541054,8.747084392366638,27.255173900000006,6981889,9793625,41,0.57023054,0.8492462
1637730538,18693,61771264,299888128,12864.519287109375,2040854718,33398.02,147.33822496920024,228.44171120000007,10.781616424722417,33.92450855000001,2802521,14968177,47,0.54919994,0.65,17213,53477376,273006760,9802.976196289062,2029283198,35615.176,141.4642991856,244.57579345000002,10.477292411422034,32.1941331,5793540,8245757,41,0.57516897,0.815
1640151215,17294,17467,17346,71303168,76021760,82885632,309105248,348043776,323902976,10674.659896850586,13749.410522460938,14067.786651611328,2078076873,1772227701,2146036259,31978.514,36386.3,33013.59,154.45864415099985,145.24361800020017,144.96332747899973,260.1359651,221.23711165,218.69078665,11.400632397955532,10.605482765611205,10.561319659699992,34.973878100000015,33.00268435,32.596302000000016,5324589,2949756,2951705,7597915,15060713,15085733,42,49,49,0.58006346,0.52943766,0.53803265,0.79899496,0.595,0.61809045,0.9870352,0.98505044,0.98348904,158012,149445,149373,2173,1835,2236
1640237605,15170,18224,16016,73924608,85817856,79718400,252706816,373942272,328728576,10467.074783325195,14021.877212524414,13873.02212524414,1777561005,2282631996,1970677175,32369.768,35020.5,32698.021,148.03955734960016,140.01088697620003,150.98303800760038,241.12001700000002,213.2169702,232.18687515000005,10.886453126899914,10.166121669822306,10.966688799022366,33.59566515,31.76387355000001,34.40664145000002,5552737,3056684,2841279,7910169,15641216,14480311,42,49,51,0.5473,0.50873953,0.5122921,0.84343433,0.5990099,0.59799,0.9847186,0.98111874,0.98369044,151839,144458,155568,1879,2406,2004
1640323996,15005,16120,16440,69206016,82717184,84410368,263040512,327155712,351224832,10326.102592468262,14189.116027832031,13927.377014160156,1780657716,1862165143,1740753096,38311.2,39411.457,35148.027,142.84641377119993,135.72953766579977,136.58568208140008,240.82095385000002,207.80765095000004,207.89536815,10.560704019866794,9.908325398400008,9.983327530722319,32.48826275000006,30.974174300000005,30.85059190000001,5749697,3149042,3131592,8184160,16128708,15952066,42,49,49,0.58302647,0.53149796,0.53784764,0.855,0.61809045,0.6262626,0.9854087,0.9811073,0.9851413,146843,140437,140481,1905,1989,1771
1640410383,13866,14996,15351,72876032,81210368,87031808,254279680,311000576,338690048,10598.506042480469,14155.434219360352,14315.230613708496,1592708000,1869470075,1715451475,39797.12,36920.707,38292.348,128.26052591079988,122.62308649800019,126.38754209839948,215.22545370000003,190.58093315000002,193.04630434999999,9.45308440586656,8.974857461200061,9.215749568822277,29.091094850000005,27.8815783,28.49703195,6433422,3480745,3389312,9090526,17672997,17235888,41,47,50,0.5783039,0.52941316,0.5341863,0.86934674,0.62,0.615,0.9859537,0.98387146,0.9830861,131686,126341,130066,1710,1940,1765
1640498471,14563,15106,15346,73924608,82763776,89653248,328204288,346830336,317718528,10571.987182617188,14023.528602600098,14325.051315307617,1948863172,1602375820,1832761020,33928.277,36495.4,42878.96,129.1071892932002,123.34984785860024,126.62082558360036,216.40477815000008,189.34462715000004,195.19124095,9.5545115024333,9.030311222833332,9.292249469310976,29.755069350000003,27.890564900000005,28.820841050000013,6388232,3466649,3372548,9033580,17642993,17173846,42,47,50,0.5743934,0.52413964,0.53705424,0.83919597,0.585,0.6119403,0.98547167,0.9822333,0.9843417,132767,127238,130244,2093,1633,1919
1640583580,18752,18253,17603,66060280,83886080,83361792,278403880,323350528,339652096,10145.850440979004,14284.838653564453,13857.47811126709,2269829002,2185531373,2058530845,30438.645,34837.016,35342.465,159.67149864519976,152.4279501316,152.65906674619984,269.02508160000014,231.7156045,227.99599770000003,11.807652804433337,11.128080106900127,11.143074783100158,36.10959830000004,34.28116605000004,34.15191200000001,5138377,2801788,2797121,7383346,14280009,14314888,43,48,50,0.5826962,0.53251517,0.53273684,0.84,0.6060606,0.5959596,0.98585105,0.9845216,0.9809608,163135,156710,157458,2389,2325,2097
1640669569,13514,15027,15291,73400320,80123904,90177536,277209600,341835776,350508544,10804.74225616455,14003.633224487305,14166.280700683594,1597490093,1637873448,1649250171,36787.6,38946.836,37294.223,125.14409339939998,123.97967640379993,129.03708695180003,213.43319440000005,192.4207786,198.74039010000004,9.253361101600152,9.090044609722158,9.400328798388914,28.69435,28.442901600000013,29.296178600000005,6588015,3457440,3324714,9297213,17624583,16995549,42,48,49,0.56909704,0.53250724,0.53633165,0.8341709,0.6231156,0.60199004,0.9841676,0.9823003,0.9806836,128687,128195,133169,1707,1683,1678
1640755918,14263,14115,14898,71827456,85458944,88046080,268292608,325327360,327155712,10643.618873596191,14304.833847045898,14313.067749023438,1430381672,1567608878,1637659140,39875.7,49591.98,46040.395,110.40394444880008,110.50420181859988,109.1011279796002,179.57842615,171.58572200000003,168.30975105000002,8.178876856566701,8.115392656477734,7.991468886777905,25.408137800000016,25.526032150000002,24.77633600000002,7487705,3882213,3950466,10455472,19786925,20051220,42,48,49,0.57685333,0.5383979,0.53898954,0.8341709,0.6069652,0.6130653,0.98368263,0.982131,0.9790036,113525,114186,113021,1516,1641,1700
1640842328,13591,15095,15301,70254592,84294656,85983232,298726400,326621184,288358400,11009.119338989258,14005.253059387207,14491.471435546875,1465262214,1740018201,1978640833,34002.0,40895.12,38238.2,127.87793758019929,121.15639585160022,127.78297575920031,208.37765105000003,186.47985620000006,196.8683832,9.437770100400272,8.8960213675223,9.321208178699967,28.846268050000006,27.767847050000025,29.245732099999998,6432832,3541265,3339973,9062984,18048579,16963060,41,48,51,0.56863594,0.52742964,0.5368369,0.80597013,0.6212121,0.62189054,0.9844713,0.98041254,0.9840167,131784,125409,131370,1569,1792,2072
1640928987,17980,19701,20303,62914560,79051264,79052800,242916760,272572928,330158080,10128.597351074219,13648.80591583252,13915.566032409668,2175996663,2645280822,2241150793,27520.084,30654.338,31372.3,182.65380786960029,174.83267660220014,176.97864681959982,308.7865814500001,265.31171085,268.8297792,13.474948365777834,12.734270731055574,12.903719960622238,41.93951495,40.03732285000001,40.4383262,4488557,2450374,2423279,6495332,12532573,12460709,43,50,51,0.5579524,0.5091114,0.51732814,0.8484849,0.6243655,0.5879397,0.98573446,0.9839097,0.98437977,186573,180028,181637,2304,2794,2315
1641015281,13781,14339,14967,76009472,86960128,85419520,286097128,296344064,326428672,10696.425941467285,14638.480560302734,14163.717803955078,1835342893,2026521600,1807924646,37565.76,41381.883,41496.75,127.60737559720029,121.54656514080001,123.76847584759989,214.98778435000003,187.06870015,188.92964615000005,9.43469123001129,8.9144089799333,9.092685696933396,28.960758050000003,27.75525905000002,27.997771950000004,6434702,3517858,3462018,9081934,17976261,17663029,41,47,49,0.5826308,0.5301997,0.53289855,0.825,0.62,0.62,0.9861712,0.9832696,0.9839878,130668,125126,127308,1958,2167,1874
1641101614,13598,14250,15007,66060288,83361792,88402432,305659904,331350016,323485696,11006.348571777344,14514.264122009277,14248.593620300293,1421760082,1613857709,1786989599,38758.348,40096.6,44613.723,125.00151667799966,118.82420621080021,120.7027152666001,213.17801045000004,183.3958014,185.36862760000002,9.234635894933394,8.696251483233363,8.7991143784555,28.898118150000005,27.4244636,27.467723300000007,6589742,3603350,3539001,9302224,18328076,18032564,42,49,52,0.5807705,0.52904505,0.5369222,0.84343433,0.615,0.615,0.9859964,0.98173976,0.98420227,128542,123149,124259,1485,1659,1854
1641188000,13633,14312,15285,70254592,80128512,86822400,255065600,343953408,338165760,10531.140449523926,14122.0620803833,14429.368522644043,1705457844,1685434563,1704517756,38691.73,41209.21,39236.375,125.52717692619983,122.65209408119982,126.42916279580058,208.40581205000004,190.74587805000002,192.5927205,9.299501197600115,8.977368757710966,9.225166876355523,28.964443400000015,28.0075438,28.26401775,6559687,3466459,3379128,9286651,17733510,17285699,42,49,48,0.57221025,0.52875024,0.5408601,0.84771574,0.59799,0.615,0.9857896,0.9781032,0.98355174,128649,127056,130223,1801,1733,1739
1641274387,14910,15234,16076,72876032,82735616,87987712,249548288,300846592,333447168,10538.500762939453,14429.28197479248,14209.16860961914,1811531878,1978081056,1749973594,33697.055,42305.04,36839.547,135.5313038867998,129.94289375659991,130.35983885239983,223.4662664,199.880699,197.66365155000003,9.978160572244368,9.519400153644556,9.518473830888853,30.51274580000004,29.74479005,29.450158700000003,6069875,3300452,3276285,8596387,16754490,16729461,41,49,48,0.57716614,0.53599644,0.5364769,0.82587063,0.615,0.6039604,0.9864023,0.9819186,0.98339903,138824,134397,134266,1901,2138,1804
1641360894,16033,17569,18131,70254592,76601344,85458944,257214464,347456512,287462400,10620.888702392578,13744.941520690918,14074.552124023438,1960623747,2068190994,2407559588,32489.312,33090.383,35030.1,150.7576849528,149.2630237995997,150.08876724920046,247.9794378500001,224.84935640000003,228.25069050000002,11.18525089258896,10.955752792722052,10.986875446433178,34.02097405000001,33.2738558,33.77340485000002,5444937,2867277,2852360,7787788,14645710,14583646,43,48,50,0.5745516,0.54232925,0.53909326,0.8643216,0.62376237,0.60301507,0.9852676,0.9857879,0.9840996,154921,153501,154402,2086,2121,2512
1641447320,13706,16012,15218,71303168,87955968,85458944,290846720,301803520,345096704,10739.532585144043,14074.555847167969,14431.188369750977,1447448632,1913403721,1684666248,37375.96,42555.023,39512.35,127.9953498815994,124.80645204400005,124.36875317660007,214.49397105,190.23723305000001,191.96141495000003,9.465405455200049,9.140678747200043,9.06549922997768,29.407290200000016,28.353643,28.162276900000013,6438943,3425958,3449387,9115974,17474676,17546820,42,48,48,0.5774877,0.5309699,0.53353435,0.84653467,0.6372549,0.6069652,0.98461586,0.97845507,0.98383915,131788,129367,128176,1525,2073,1711
1641533542,13945,14096,14086,71827456,83312128,85175808,275628032,355202048,305012736,10491.011604309082,14058.24195098877,14267.643905639648,1321906013,1253270638,1648949911,43700.09,43592.46,42031.78,111.51789821320062,103.39980339560005,106.94556031380012,195.9245764,162.52962490000002,165.85547375000002,8.24777076383331,7.5349415418666865,7.803105948288951,26.15282505000001,23.532463050000008,24.42586100000001,7378379,4147908,4000068,10359243,21059142,20370095,42,48,50,0.58893347,0.52467805,0.5324031,0.857868,0.6119403,0.6119403,0.9844445,0.9807817,0.977262,114605,107204,111043,1404,1294,1713
1641620073,16029,16590,17285,69206016,80740352,84897280,250564352,338690048,323740160,10454.453666687012,13916.272483825684,14379.497940063477,1918464041,1905401940,2156359270,31998.4,35600.34,37498.75,146.0120772150005,142.11073216000014,144.92732650599956,242.75003110000003,215.70100515000001,222.74722275000002,10.861989699355457,10.402361701844248,10.612550209644304,33.80830215000002,31.8954239,33.212670250000016,5631965,3000348,2959245,8032886,15302023,15040960,43,48,50,0.56666964,0.5307524,0.53704214,0.8241206,0.62,0.615,0.98506826,0.98330444,0.98286986,149938,146495,149413,2014,2025,2249
1641706473,14491,15031,15291,71827456,83776000,86393344,283564032,333362688,332398592,11014.688026428223,14476.281578063965,14498.15087890625,1557277867,1682151494,1789114744,39309.844,37494.45,37787.484,123.5277547441998,120.74188546419987,120.82862203680007,208.1506157500001,184.65709615000006,188.97576740000002,9.12389276733341,8.837142229733256,8.84701066799994,28.09443900000001,27.410445000000003,27.36472290000001,6686313,3547006,3533511,9429630,18006110,18009701,42,47,49,0.5710576,0.5270894,0.5284316,0.8507463,0.6089109,0.625,0.9846959,0.9828461,0.9782853,126692,124308,125193,1689,1741,1840
1641792937,16513,17614,17569,69730304,79124992,83225088,257754624,368269312,327888384,10133.628448486328,13743.322509765625,13974.902282714844,1738664504,1835613378,2194841103,33138.82,33391.465,39605.137,149.08354794539972,150.34269460819985,152.42824344860009,253.9910599,232.20333925,230.17339880000006,11.0136490880556,11.031795881077688,11.122102945044594,33.74398925000002,34.49774215000002,34.49180175,5521018,2845691,2810250,7864510,14629294,14370496,42,49,50,0.5619203,0.5253645,0.53179514,0.8341709,0.6268657,0.6009852,0.98518324,0.98442346,0.98542845,153159,154777,156517,1847,1907,2277
1641879285,45333,15148,15187,70778880,78612992,86452736,261619712,370655232,330825728,11037.333992004395,14031.156135559082,14403.240203857422,1745988347,1500159848,1835262843,34786.08,40317.336,37392.258,130.38947822880004,124.5720651263999,125.02672525620004,219.80939390000003,191.4370174,194.36653990000002,9.6559913733778,9.120417046333209,9.120224867211121,30.129846400000016,28.329792500000003,28.121981600000005,6307095,3440412,3418100,8933933,17481266,17442595,42,47,49,0.58139306,0.5263777,0.53193855,0.8241206,0.6188119,0.6069652,0.98643714,0.97814745,0.9809966,133866,129305,129178,1841,1617,1945
1641965641,13569,14274,15314,67633152,84277760,86961152,281936384,330825728,344981504,10558.166389465332,14042.607093811035,14224.814666748047,1421200529,1585549512,1693695988,35874.676,40170.516,38838.418,125.8858286265997,122.72433250319986,124.66482399560017,214.8656862,191.8605599,190.4301863,9.330158993133233,9.039192702022127,9.106673010755511,28.91048055000001,28.365301050000017,28.210305650000013,6534714,3470993,3435805,9208003,17658630,17541938,42,48,49,0.5713114,0.5286471,0.5391778,0.8442211,0.6130653,0.60301507,0.9844007,0.983265,0.984561,129644,126219,128236,1513,1629,1749
1642052044,13243,13149,13955,73924608,82790400,85458944,252676096,316965376,311725056,10989.364433288574,14301.038101196289,14303.757339477539,1565167787,1662997548,1635726155,41528.543,43453.855,43030.496,115.66281228380015,110.22593384739992,114.43848062219983,193.55147300000002,171.47062745,179.6101063,8.557183456166635,8.050716729577765,8.372182110188794,26.282513900000005,25.035381900000004,26.161882600000016,7130581,3880748,3758531,9982584,19779577,19023713,41,47,49,0.57139254,0.5282303,0.5317732,0.8308458,0.6069652,0.5929648,0.98528343,0.98009205,0.9826815,118539,113944,118015,1683,1733,1715
1642138759,13363,15041,15060,66060288,80693760,83312640,287735808,329252864,336566784,10554.35710144043,13916.469329833984,14325.829483032227,1411092619,1675779893,1564677748,37558.332,42447.254,39756.473,122.92823678060017,120.82064753979952,118.10667440859983,211.42537339999998,186.6807448,179.99076605000005,9.065027184166638,8.84006088197777,8.65317643216658,27.962152150000005,27.334490050000014,26.709540200000006,6699091,3540734,3607208,9444764,18057444,18389621,42,47,49,0.5692503,0.52818567,0.5309541,0.8241206,0.6169154,0.605,0.98399675,0.97904235,0.98077565,126687,125156,122097,1479,1732,1614
1642224977,14708,15076,15052,71303168,85946368,84934656,257779200,330301440,289406976,10700.648193359375,14039.792259216309,14353.580596923828,1612747820,1673975289,1905277497,38200.32,39158.934,38022.2,133.14619707659992,126.50775128400018,125.00811224280025,225.4526414,192.36958215,191.4319246,9.89238668807782,9.301670840633232,9.166195645955627,30.23741510000001,28.596187000000004,28.54925090000002,6188902,3374127,3428214,8753900,17172721,17501211,42,49,49,0.58381766,0.53413486,0.5352894,0.85,0.61,0.645,0.9858932,0.9843355,0.9800759,136731,130284,129146,1717,1730,2007
1642311021,15044,16305,16197,71303168,82195456,83299840,260950528,314533376,320864256,10403.175476074219,14001.802940368652,14072.022026062012,1533878336,1841499126,1824684659,32301.01,34658.04,36828.4,144.97101173359965,143.44155725680034,141.2877867030004,249.37174030000003,217.32622175000003,215.25446695000002,10.779234208799899,10.546560157277831,10.36379521609989,32.77467265,32.29548005,31.750165100000007,5681364,2993049,3039724,8076100,15236616,15596147,43,49,50,0.58881164,0.54697734,0.55090266,0.845,0.62189054,0.6318408,0.9861193,0.9852435,0.98459363,148797,147350,145226,1680,1924,1932
1642397614,17553,19545,19657,67633152,79691776,77070336,250609664,325058560,323485696,10182.241798400879,13945.871131896973,13826.098594665527,1990222539,2289838389,2189065573,29302.83,31645.213,28964.2,170.49529566399957,168.61897505760035,168.77699497420014,290.20644710000005,256.38073,253.99113870000005,12.638306498122125,12.401155310455582,12.411532981200157,39.01244100000001,37.723648300000015,38.36935005,4808221,2544295,2547917,6901863,12995005,13117454,43,49,51,0.5670628,0.5378317,0.5369936,0.7839196,0.6231156,0.6138614,0.9862153,0.98425573,0.9830906,174246,172816,173525,2147,2362,2290
1642483873,14994,15041,15058,69206016,84264448,81750528,282407072,283639808,332922880,10789.39877319336,14307.61922454834,14208.140724182129,1971347232,1932393586,1569048867,36194.918,36837.0,39794.0,135.10531020979994,131.0201359684,129.05940561499995,218.47027425000007,198.87639795,202.61160680000003,9.975641899888824,9.591347045988782,9.439539312966634,30.681531000000003,29.769449100000006,29.298472750000002,6099767,3260589,3315608,8658830,16644291,17050647,42,49,50,0.58400136,0.5420291,0.5403578,0.8520408,0.6281407,0.635,0.9856701,0.9805034,0.9809043,138793,135030,133129,2063,2043,1620
1642570048,14806,16113,16116,70778880,78643200,82248192,274172928,370147328,328569856,10837.962867736816,14006.140998840332,14172.820640563965,1985341827,1575648673,1725443630,33854.617,41146.38,38320.2,146.8269426367998,136.5393380938003,135.9230467915997,247.66381810000004,207.9050448,208.31994805000002,10.901702238122207,10.060374167166511,9.983026457722236,33.315750900000005,31.410298900000008,30.555173900000014,5590286,3133144,3152131,7964962,15980587,16144024,43,50,49,0.59015346,0.54296154,0.5415292,0.8442211,0.61616164,0.6212121,0.98737955,0.9850602,0.9817215,150031,140331,140243,2106,1575,1807
1642656507,17455,16167,16117,72876032,82313216,81162752,249515008,332996608,320864256,10407.260375976562,14095.603759765625,14164.143844604492,1849669577,1604679991,1951361329,32456.955,40145.17,39622.863,134.70359367560016,130.0032772856003,143.97426786240024,222.1042734,200.11659705000002,264.55225010000004,9.990175746722132,9.525206646333222,10.439808939722083,30.077367200000012,29.096745050000024,33.269791950000005,6117036,3295327,2968624,8673263,16850356,15293033,41,50,50,0.582341,0.5374304,0.53480834,0.8643216,0.6231156,0.615,0.9862268,0.98123264,0.98218286,137881,134263,148292,1954,1654,2032
1642742980,18354,19331,19391,64487424,78118912,77070336,292368896,314572800,319815680,10475.239791870117,13825.811477661133,13733.842010498047,2135355553,2263986073,2441618994,29376.463,32253.799,32587.441,178.4078730886002,174.55188504560056,172.67004311700018,300.1805087000001,261.020332,256.93406475000006,13.107430934333447,12.656727019933461,12.553572679188912,41.06053210000003,39.52555220000005,39.005263150000005,4598428,2455050,2479191,6658290,12528159,12834887,42,51,50,0.56113416,0.5180509,0.51601565,0.865,0.6111111,0.6010101,0.98684514,0.9861934,0.9837858,182309,178873,177562,2262,2383,2576
1642829216,38700,14206,14280,75309816,82750464,81731584,279969792,359436288,336007168,10568.625831604004,14570.904190063477,14348.766693115234,1903154781,1585619016,1605640831,43338.766,38942.633,43461.977,122.4372239371998,121.05858683420024,121.20182499279993,212.14724450000003,187.24366245000004,185.71902325000005,9.036027180366698,8.836280463144384,8.83111179865559,28.38428,27.43988400000002,27.2531629,6711299,3540283,3530012,9458194,18104703,18133008,42,48,49,0.574464,0.53544986,0.53335387,0.8208955,0.61809045,0.6,0.9849249,0.9806567,0.9819394,125647,125176,125106,2008,1666,1651
1642915597,15420,16155,15011,71827456,85850112,82229760,254074368,314572800,314464768,10583.19580078125,14340.876647949219,14197.634292602539,1596836913,1703535522,1811653401,37712.945,37944.4,37825.434,132.91957903579961,129.32532884079998,126.33125162680003,219.32658160000003,197.743326,193.425897,9.827141939977897,9.47071844601107,9.222784691255706,30.274232500000025,29.495808,28.641102049999997,6189150,3315226,3387875,8758911,16928088,17383132,42,49,49,0.5820425,0.5366019,0.533287,0.85427135,0.627451,0.6169154,0.98462784,0.9836074,0.98332894,136765,133176,130156,1686,1784,1888
1643002042,14110,15169,15018,70254592,83866624,82253824,263037952,313989632,332944384,10719.800498962402,14097.886016845703,14564.810028076172,1620739807,1767459816,1697447894,37408.86,38716.97,38052.69,128.5765066398003,126.8857637498001,128.29464944940034,213.5946395,196.78054285,194.52888500000003,9.504104000333367,9.281173106233302,9.35725311468883,28.934786950000053,29.088662100000004,28.881994950000024,6419662,3356133,3335630,9065866,17065593,17125525,41,49,48,0.5733147,0.53172475,0.53331566,0.83919597,0.605,0.6069652,0.98623633,0.97983104,0.9826094,131707,131114,132156,1727,1841,1748
1643088433,14417,14121,14171,67108856,78619136,82313216,280887800,376438784,331874304,10508.948852539062,14114.71353149414,14223.678024291992,1517366403,1408727696,1539314966,36236.6,38499.1,40537.58,131.16064608439996,127.93046275859997,127.9169618822001,218.02731165000003,198.41162740000001,194.91556290000008,9.72330188327777,9.36980566497791,9.377837231122173,29.548368200000002,29.041000750000002,28.859860750000006,6284301,3333416,3336631,8903722,16988552,17136637,42,49,48,0.5796333,0.5421816,0.5372221,0.8291457,0.64646465,0.62189054,0.9854311,0.97946817,0.9802553,134691,132180,132238,1617,1408,1589
1643174874,15246,16161,16092,69706752,82755584,78627840,323002368,324945920,328664064,10326.432357788086,14146.526390075684,13716.10073852539,2024506141,1973742523,1883103107,35041.195,36758.723,36319.31,146.10868674960068,141.03003020839958,143.29154423979983,245.58001135000006,217.63396740000002,217.87645995000003,10.835219532755568,10.368041907111106,10.594316068888931,33.568337500000005,31.733392000000006,32.4259121,5614634,3039607,2993447,8009090,15516955,15343686,43,50,50,0.5857223,0.5462705,0.54588574,0.8291457,0.61,0.6212121,0.98588634,0.9832278,0.9808555,149887,145348,148395,2136,2073,1936
1643261267,13123,14966,14047,70778880,81176064,85458944,264241152,341835776,295301120,10605.73040008545,14325.905700683594,14216.417373657227,1365495785,1435747278,1715193950,44060.8,50966.52,42780.62,117.72606739519969,111.56816935880015,109.09837172499981,199.70740175,174.22969025,171.02027180000002,8.733271638633534,8.163268532633388,8.00861574692218,26.815111100000003,25.665294600000003,24.893899900000008,6959734,3836750,3931882,9777093,19559304,20153482,41,49,50,0.5936987,0.54200494,0.5315635,0.85643566,0.6069652,0.60301507,0.9847593,0.9829837,0.97842896,120735,115259,113046,1442,1476,1835
1643347613,15067,16084,15353,71303168,83255808,80650240,307166208,333878784,340787200,10836.276657104492,14284.70662689209,13901.733024597168,1953534215,1741109752,1764249007,35887.7,42308.97,41324.2,136.09291393379996,133.96801579960004,135.44022427400006,221.3680645500001,205.18387935000004,207.0293743,10.06773142358885,9.848174246855576,9.953111389166617,30.64093245000004,30.493397400000042,30.4536388,6053112,3196477,3165987,8573100,16324017,16224253,42,50,52,0.5740231,0.53826284,0.5382236,0.83,0.6268657,0.6169154,0.98512614,0.98222363,0.984753,139823,138289,139247,2065,1789,1814
1643433908,13894,14059,13990,70254592,83260928,82188288,284747776,320742400,306018304,10470.572357177734,14109.645988464355,14046.61264038086,1686286791,1561000205,1679652256,43540.684,44187.28,43264.594,113.60509507539959,108.9944702969999,106.57685687400011,195.4985815,168.84642565000004,165.40171780000003,8.402393072533286,7.943014569744385,7.783265060344355,25.96770795,24.476477000000003,24.07548595,7279070,3935732,4004459,10187160,19933427,20408077,41,48,51,0.58721596,0.53924656,0.5374538,0.845,0.6318408,0.6040609,0.98189044,0.9782143,0.9823155,117542,113113,110065,1783,1631,1742
1643520456,16243,18390,18469,63438848,79136768,77574144,253755392,342145536,331235840,10115.138702392578,14084.632377624512,14367.25690460205,1929496243,1844008877,2128404355,33654.77,34844.0,35015.797,156.8963400844002,151.6623887047998,152.38049075419946,269.04401150000007,229.9069029,232.42625655,11.643146482044573,11.170755346455636,11.187980518900003,35.808725350000046,34.24075085000001,34.59459610000001,5206187,2821298,2814363,7448234,14351697,14535034,43,50,49,0.5773517,0.53620666,0.5375516,0.82,0.63,0.6089109,0.98572075,0.98151535,0.98553246,161125,156529,156612,2037,1935,2188
1643606790,13417,14962,14912,70254592,85453320,82267648,267761664,329883136,310902784,10489.373908996582,14272.880584716797,14054.00959777832,1464960670,1534267352,1549824435,39967.92,43240.125,42219.6,112.05931611780035,110.85581560919967,113.85555509720024,188.6187397,171.18863395,175.99900970000002,8.293017797488906,8.13357023236656,8.362601982644561,25.627187650000014,25.34378205,26.116888250000002,7340626,3860544,3774775,10272780,19585572,19322788,41,50,49,0.5800769,0.53734976,0.54006547,0.86934674,0.63366336,0.62189054,0.98372847,0.97973233,0.9784125,115614,115120,118069,1552,1561,1619
1643693227,13646,15071,14247,71827456,82665984,82227200,287040608,342884352,337588224,10591.019973754883,14146.450393676758,14235.290962219238,1949528324,1539591432,1725791968,42060.805,41411.9,40064.344,126.97924590439983,123.99549526600016,128.3181910527997,214.36172475000004,190.87060690000007,196.55594895000004,9.408195712688917,9.045544699188925,9.420026701655459,28.95427545,28.423056000000006,29.236762000000002,6469642,3448977,3333351,9131362,17554160,17118268,41,51,49,0.57626945,0.5313685,0.5363608,0.825,0.59799,0.6080402,0.9849422,0.9799928,0.9838102,130761,128154,132171,2090,1631,1785
1643779644,14839,16005,14997,73924608,78112768,85380608,298158592,326152192,280494080,10960.685386657715,13913.813125610352,14493.174499511719,1655665491,1746340938,2120844169,35214.23,35747.8,41322.9,130.55094821480014,130.9796863441999,125.76394569459993,213.6504402500001,203.17427330000007,194.49333830000003,9.653637010999962,9.5857457120112,9.235891135233237,29.326247000000006,29.90881125,28.54880695,6299661,3269836,3402419,8879749,16643010,17498053,41,49,51,0.5763906,0.5427874,0.54403055,0.8181818,0.635,0.61,0.98615044,0.9821745,0.97993845,133867,135247,130107,1792,1796,2240
1643866013,15187,15065,15036,69730304,82706432,81788928,319680512,324534272,306184192,10717.723899841309,14082.504264831543,13939.69881439209,1317340486,1749617849,1869191416,37521.547,39443.59,41190.746,124.3851866486003,125.29460067920073,123.39097729220025,211.48467690000007,190.98244050000002,190.17256655,9.203402968377738,9.115247620744581,9.006311244455512,28.592944350000018,28.624251100000016,27.880239950000004,6619381,3418207,3473604,9326676,17372986,17792172,42,48,48,0.5686754,0.53769636,0.53573143,0.82,0.6212121,0.6231156,0.98489684,0.98202866,0.9826664,127724,129156,127065,1375,1799,1933
1643952260,14092,16128,14400,71827456,83730432,81708032,246829056,294649856,312378880,10332.712280273438,14175.254806518555,14226.331916809082,1710250096,2038188910,1793599169,41982.016,35761.65,39171.6,123.61514497220018,130.86254518080023,129.56283066960026,211.02571595000003,199.1781066,198.5707427,9.145757228755633,9.61365701522218,9.47350821697774,28.294344900000013,29.672685,29.08697900000001,6681206,3209612,3299971,9409925,16407349,16906310,42,50,50,0.58152384,0.5351906,0.5420629,0.86934674,0.61809045,0.6111111,0.9849355,0.965072,0.9846714,126805,137266,133373,1819,2143,1964
1644038668,13811,14189,14287,70254592,82785792,80740352,255852536,313963520,354886656,10506.435539245605,14021.71354675293,14610.131607055664,1519638693,1588982052,1439056697,45566.844,41040.1,41051.37,113.31663310400008,109.38623719039988,108.7405074847999,192.13739280000007,170.93150365,170.13750495000002,8.390664310888747,8.006390199533355,7.945985615588811,25.489069000000004,25.096304100000008,24.22491805,7303463,3925119,3943939,10211096,19938723,20204938,41,49,50,0.5837444,0.5322885,0.52723366,0.845,0.62,0.6060606,0.98365533,0.981447,0.97647554,116605,113077,113060,1598,1651,1483
1644125246,13678,14400,14176,73924608,82258944,86367232,280965632,330301440,289406976,10420.204956054688,14350.859382629395,14313.417098999023,1286416758,1559728984,1855707674,43543.59,45461.023,41835.082,121.00204972300017,121.80992499659979,122.62296326779996,199.52461375000001,185.91570015,189.6522848,8.914704043188824,8.881558987211118,8.922222014422172,27.19225200000001,27.457448000000003,27.577380900000005,6795268,3519104,3479490,9557086,17861619,17852084,41,48,48,0.58144504,0.54417527,0.54178256,0.8358209,0.61,0.6119403,0.98560053,0.98075753,0.9844076,124622,126047,126147,1353,1630,2001
1644211580,13684,14248,13940,74448896,85729792,83241984,254033920,281018368,334043136,10893.656440734863,14137.102577209473,14158.857139587402,1492650908,1739177021,1425761981,40351.9,42757.598,42938.7,115.9816921174001,110.23469254080004,108.18912405719995,200.06067660000005,170.48399395,170.00973080000006,8.561958795344491,8.04112724266672,7.909651040644631,26.92022420000001,24.938480500000022,24.614738600000006,7087184,3893680,3960282,9942077,19819518,20193420,42,50,49,0.5892054,0.53466517,0.5342953,0.857868,0.63131315,0.625,0.9817555,0.9791518,0.9798853,119490,114026,111968,1582,1834,1469
1644298006,15260,15447,15343,71303168,83278848,78072832,247004672,273154048,351272960,10635.503814697266,14067.941223144531,14069.591598510742,1938355361,2183684159,1622832872,38401.6,42865.785,42923.816,134.64781489819975,128.19609020260017,126.02383680240021,229.1189291,202.20600285,194.44459575000002,9.96825686825571,9.43399030323326,9.218075802866633,30.82815905,29.501777350000033,28.947538100000028,6114976,3338209,3393278,8660343,17034584,17385482,42,50,50,0.5772167,0.5329693,0.527993,0.8366337,0.60301507,0.5929648,0.9858513,0.9811988,0.97411877,137861,132283,131225,2041,2343,1676
1644384400,14504,14049,16101,70778880,82172928,81683456,287367968,321912832,339148288,10882.327087402344,14342.12434387207,13988.728034973145,1683343272,1753482265,1388767180,40781.42,41605.496,51752.55,121.2134323486002,118.83181433440024,115.70488828540016,211.048624,186.00599605,181.97893010000007,8.962464227444514,8.693450897166676,8.449082963833309,27.602028450000002,26.958064,26.517908850000016,6788115,3606176,3690828,9579981,18365614,19003723,42,51,50,0.5840242,0.53850377,0.53253305,0.8291457,0.62,0.6287129,0.98385286,0.9785329,0.97783005,124527,123063,120008,1775,1803,1438
1644470790,12819,14160,14837,69730304,82715648,83811328,285652616,333447168,332922880,10817.991905212402,14225.731620788574,14373.70736694336,1611082779,1530996678,1446455613,41621.7,40608.3,41747.95,113.87663292959991,109.44643276999966,109.35690367180014,192.85044645000002,169.24341995000003,167.80397965,8.420355760022215,8.027218541777893,8.010978520244384,26.475036550000006,24.8452591,24.91192535000002,7261629,3912916,3925669,10180079,19898899,20141761,42,49,50,0.5812817,0.53685623,0.53101313,0.8592965,0.6089109,0.6119403,0.9818779,0.9820387,0.9804853,117574,113099,112962,1689,1570,1491
1644557222,14556,15425,15310,71303168,81129984,82785792,278794240,293601280,330901504,10368.55867767334,14187.632720947266,14166.82633972168,1553771262,2026233937,1741720697,38700.87,40041.68,38382.76,135.7468769533999,132.23798168459987,131.22838815560056,226.150607,202.04093269999998,203.1654925,10.068334692577944,9.678088692222147,9.614526118488934,30.41500980000001,30.069211050000032,29.71476400000002,6051906,3228995,3260500,8582286,16474716,16712432,41,49,49,0.5864319,0.5474059,0.53758246,0.840796,0.63,0.6262626,0.98605627,0.98339546,0.98267853,138760,136257,135138,1653,2154,1810
1644643571,14745,15412,14976,70254592,77594624,85458944,269414912,354710528,295646720,10389.54239654541,14347.295700073242,14090.201988220215,1569611421,1621708380,1982708952,37496.25,37313.344,39808.0,125.93023795020012,126.52257977119977,127.56947301700008,217.8923516,195.94113610000002,199.99034660000004,9.308067933722262,9.257294470644474,9.345703604611158,28.85014495,28.413499100000017,29.3165412,6541228,3383313,3361587,9229335,17388450,17298245,42,50,51,0.5727066,0.5397673,0.53668207,0.8325123,0.615,0.61421317,0.98468405,0.98474395,0.9840595,129683,130318,131169,1667,1671,2096
1644729960,13715,15037,15160,73924608,82770944,82313216,251593200,351320064,300941312,10395.692070007324,14656.533210754395,14276.419258117676,1667663138,1647059723,1996835134,36956.406,36846.7,37886.5,127.6087179462001,123.65887515920045,129.77551475599952,213.067974,188.42582405000002,200.16044985000002,9.449006099711038,9.054135663655485,9.534234672311028,29.671747200000002,28.09294700000001,29.73389960000003,6425075,3473448,3301732,9087900,17801749,16981072,42,50,50,0.57522255,0.5259333,0.5352163,0.8208955,0.60301507,0.6,0.9859792,0.9792435,0.9795159,130644,128226,134138,1765,1691,2095
1644816423,13250,14113,14322,70778880,84275712,78118912,313233920,302411776,369844736,10789.149398803711,14278.731018066406,14115.928382873535,1791159446,1749058905,1400520103,42943.293,40804.617,39706.176,120.06768329959982,116.47003726079967,116.9713303028,201.3783656,179.5594188,180.70257300000003,8.8920176095668,8.510148773466717,8.560464394022143,27.3343689,26.570334850000005,26.55501200000001,6878616,3669316,3655340,9629353,18835250,18657502,41,49,49,0.57824385,0.5297808,0.53194016,0.8267327,0.5939086,0.61616164,0.98423517,0.9816957,0.9788479,123677,120051,120997,1882,1825,1400
1644902888,13880,15009,14981,73910784,82697216,87546880,279910912,307684352,312307712,10925.162460327148,13973.76594543457,14044.07657623291,1957849413,1792858441,1726477562,37314.0,36558.684,40688.8,136.28572560639986,127.24163842760042,128.9135831989998,224.24397725,195.0015947,195.43299185,10.066242501677657,9.31347968591117,9.433233658833416,31.286611300000015,29.272119500000017,28.8850268,6028708,3359517,3326966,8572109,17200549,17034086,42,49,48,0.5891957,0.53728276,0.5364882,0.81407034,0.605,0.6212121,0.9851055,0.9819162,0.98167,139720,131500,133161,2061,1874,1806
1644989155,13136,14031,13864,72351744,82255872,82262016,256901120,338558464,313524224,10762.047462463379,14438.232131958008,14486.25186920166,1449378378,1564946635,1639187281,42170.082,47126.6,46135.9,108.73025985459985,106.45586544880008,106.77739203599985,181.08074975000005,165.16889365,165.10675620000004,8.040401742199986,7.762038311588871,7.822206086055602,25.289787950000004,24.214325350000017,24.51405405000001,7615454,4009930,4012140,10648924,20599506,20600660,42,49,49,0.57608503,0.5352846,0.53036135,0.8592965,0.6268657,0.615,0.9817594,0.9827266,0.9751841,112542,110195,111018,1523,1602,1700
1645075652,14111,15198,15222,72876032,82279936,79691776,275607856,335311360,358098432,10702.684539794922,14100.907569885254,14388.25846862793,1807033857,1729715561,1596477892,42982.71,41276.6,39556.746,130.95333953760073,126.56894059299945,128.9277446310004,219.61228295,194.04176680000003,199.9770498,9.677258939611143,9.280959697277765,9.4644099755888,29.925862500000008,29.0206552,29.507744100000007,6285225,3382397,3328402,8896502,17379950,17547603,42,49,50,0.5776422,0.53695107,0.54191726,0.8181818,0.6080402,0.6130653,0.9840175,0.9843897,0.9831323,134752,130215,133188,1906,1758,1660
1645162118,14009,15303,16003,70254592,81788928,83269120,270532608,346524672,328921600,10438.76156616211,14091.903244018555,14464.672355651855,1529052867,1732478055,1831962608,38492.168,40162.367,40112.363,124.2440923147999,131.89274570680013,133.27716717380017,203.98053785000002,203.85259660000003,202.0253622,9.185646591844604,9.67904400228878,9.783167139800101,28.132593100000005,30.008444000000004,30.280273000000033,6632054,3243595,3215993,9364400,16609531,16935732,42,49,51,0.5773244,0.5337603,0.53557676,0.8291457,0.645,0.63316584,0.98567724,0.9802312,0.9829128,127811,136250,137285,1624,1782,1904
1645248368,12887,14128,13985,67108864,83361792,83181056,285671424,335095808,348715008,10312.341094970703,14309.307495117188,14368.09415435791,1541920454,1669331268,1637423991,38248.875,41854.3,44535.047,111.84942022200036,109.70007322559995,110.2701390185997,187.98671200000013,169.60819690000002,171.17087594999998,8.233007410955583,8.018438101211045,8.025852237466658,25.474272100000007,25.1174826,25.058307950000003,7349848,3896749,7720237,10314031,20031406,40407576,42,50,49,0.573052,0.53097695,0.5349681,0.835,0.6119403,0.5929648,0.98181665,0.9759992,0.9795973,115579,114097,114166,1607,1715,1683
1645334751,13441,13989,14213,71303168,82154496,83749888,263038976,315088784,281461760,10902.811981201172,14285.92807006836,14382.696899414062,1392980245,1875460868,1699372751,40809.875,49045.39,42866.027,111.49733241900033,109.11071793980028,106.51307896639989,195.39208175000002,169.9292782,167.21216875000002,8.247289957866684,8.017987323555527,7.809098852233386,25.527921000000006,24.97521210000003,24.414618900000015,7380777,3950391,8022002,10319355,20171643,41704741,42,50,49,0.59050745,0.5396784,0.5334737,0.86567163,0.62,0.605,0.984955,0.97917384,0.980886,114528,112994,110090,1497,1986,1788
1645421259,13366,15129,15207,69730304,82739200,80683008,265739264,297271296,297795584,10523.52855682373,13967.946952819824,14223.565322875977,1381905836,1696549985,1845898880,36801.68,50936.094,39768.37,121.86080230319972,115.05469532180018,117.15833085779985,206.27713085000002,177.08057745,182.48707940000003,9.02291835395561,8.432103315488904,8.585552706722181,27.700265000000005,26.158083000000023,26.733921,6745502,3723445,7279902,9489217,19069221,37825904,42,49,50,0.58861285,0.5412805,0.53777844,0.8507463,0.6130653,0.6119403,0.98366946,0.9803888,0.97996825,125643,119079,121121,1465,1785,1918
1645507592,13235,14074,14179,70778880,82313216,83361792,275980192,309643264,307139072,10828.894058227539,14153.763069152832,14574.002670288086,1639268109,1662016184,1632157007,43695.883,46077.0,40498.0,110.26926936740016,105.55604361060006,107.07607922980007,184.6287253,162.37805920000005,166.03987270000002,8.17104506725558,7.762103551811059,7.826631159555522,25.406673000000005,24.1750289,24.335795800000003,7483254,4059100,7603485,10497617,20768460,39294859,42,49,50,0.5789914,0.5332982,0.5321773,0.84,0.6069652,0.6089109,0.9830147,0.9815784,0.97832614,113478,109086,110990,1729,1703,1704
1645594054,13937,14985,14950,70778880,83716096,82188800,326107136,335080960,319364608,10555.276802062988,14162.351387023926,14199.407691955566,1917804277,1598353987,1844422541,35743.824,41517.7,45929.812,127.00749647919984,124.02133147579964,123.5423796537997,206.19218095000005,191.19887000000003,191.05431725000008,9.368542259244485,9.055312779233281,9.058194722600044,28.576669000000003,28.51444395000002,28.003365000000002,6460642,3461973,6927034,9104900,17761147,36054435,41,49,49,0.5701461,0.5293413,0.53134406,0.84577113,0.615,0.61,0.9839948,0.9814062,0.98247445,130654,128146,127059,2018,1645,1954
1645680396,12710,14155,14136,73400320,82138624,81740800,251658240,339214336,338539008,10876.74243927002,14103.595512390137,14347.25707244873,1568063820,1437279421,1420485365,46250.477,45071.3,46797.863,112.477465405,106.5609879930002,107.00866573300029,192.64135955000003,167.84708880000002,165.31962510000002,8.33253089465546,7.753579713044471,7.8155604537556815,25.953896950000015,24.232938250000007,24.35292745,7314562,4018838,7969706,10241664,20473322,41451475,42,48,51,0.584011,0.53047913,0.5335757,0.86934674,0.59799,0.62,0.98366886,0.98253644,0.97885853,115642,110092,111068,1658,1476,1461
1645766877,13603,14954,15096,66060288,79560704,81264640,294649856,287636480,341128704,10810.774299621582,13960.822090148926,14778.72135925293,1469555116,1936216890,1790620675,36512.2,37949.6,42778.3,129.97999727520016,122.5454010258001,127.20098089900003,216.39095875,189.22559470000002,194.68580375000002,9.610616665211015,8.93031377394447,9.291250090433234,29.470567800000037,28.073584150000006,28.518031050000012,6330671,3488745,6697984,8958705,17846289,34727808,42,48,51,0.5765796,0.5330601,0.5408116,0.8159204,0.605,0.61809045,0.9851495,0.98340935,0.9839621,133756,126202,131205,1548,2053,1839
1645853234,13169,15409,15275,72351744,79140352,81264640,281947648,344397824,352686592,10585.026023864746,13962.731086730957,14477.839378356934,1488061695,1669845821,1786673760,36889.645,37942.94,39248.0,132.10215269419982,128.23550656300006,125.9290687834001,225.42896460000006,197.02241825000002,194.12372405,9.833496174133254,9.455936360555452,9.235510779000009,30.13819205,29.469332950000023,28.607873050000006,6224021,3333532,6785041,8785113,17051695,35325633,41,51,50,0.5721857,0.5268385,0.53016204,0.84,0.615,0.60301507,0.98488027,0.98185676,0.9801624,135883,132268,130183,1613,1727,1851
1645939675,14208,14965,15078,71827456,77070336,82270192,316116480,324628992,310902768,10716.774887084961,14096.259765625,14327.85750579834,1913530308,1812818087,1868153751,35700.9,46465.027,38084.133,124.30659448379974,125.54175130519971,122.80350286119965,206.16684645000007,193.343352,189.38544000000002,9.25004338637775,9.201424528799912,8.977830198377772,28.755520300000004,28.905179000000025,27.911173050000013,6639055,3418450,6926587,9348867,17574330,36121145,42,49,50,0.5656612,0.5360889,0.53002566,0.8078818,0.6318408,0.6010101,0.98438364,0.98367685,0.9795602,127665,129239,127122,2023,1875,1947
1646026106,13939,15042,15060,69730304,83812864,82156032,321842176,275141632,331249152,10131.499404907227,14296.45401763916,14247.587661743164,1781023233,2107215599,1709581155,38448.355,33928.137,37918.492,140.7616529771997,135.16402472759964,135.79333998259972,242.06071185000002,210.30789580000004,204.43877820000003,10.417077333411013,9.945892700844352,10.016918891177745,31.604982950000007,31.11721990000001,30.60140085,5842064,3170749,6280572,8277074,16393936,32921820,42,51,49,0.58146566,0.54430914,0.5437725,0.8333333,0.6281407,0.625,0.98416203,0.98298603,0.97981364,144754,139373,140158,1880,2216,1769
1646112656,16013,18183,18599,65536000,78118912,78055936,245774336,310794752,279894528,10014.776344299316,13583.371948242188,13893.889045715332,2013790163,2117808485,2285203738,28391.639,33589.688,31678.133,166.11112601159934,164.89275450500037,164.59988734820027,277.54171415,252.88882855000006,248.8878111,12.269953322755509,11.970431492399983,11.961977126211185,38.17665505000001,38.06350635000001,37.630200050000006,4928417,2596276,5189532,7081073,13393664,27231468,43,50,50,0.5490577,0.5131137,0.5106353,0.835,0.60199004,0.62,0.98568696,0.9847364,0.9823716,170201,169545,169478,2153,2205,2403
1646198798,13406,14270,13908,70778880,83886080,84366848,257949696,299792896,332994048,10514.515327453613,14235.921211242676,14166.190727233887,1431019605,1744324238,1427716714,42441.723,43767.61,48124.29,112.03153686719965,108.19786296219998,106.89476485220021,192.10334880000005,166.87801785000002,167.5864699,8.275812257844574,7.875021131455568,7.824815244355599,25.484589900000017,24.773641050000002,24.594108100000007,7343087,3960164,7984342,10274820,20161478,41444258,42,49,50,0.583388,0.53380096,0.5307223,0.8592965,0.6130653,0.61616164,0.98328346,0.9787938,0.975257,115579,112043,111051,1509,1804,1465
1646285247,13327,14011,14043,68681728,82710016,82787328,329955840,311427072,298844160,10660.663841247559,14101.520797729492,14385.437767028809,1626412577,1519819845,1700677450,44818.13,46026.7,42959.195,112.70873350820011,108.59327285320016,109.86567792039972,193.5617458,170.41689475000004,170.94538290000003,8.290752986033285,7.980126063811136,8.068137848255603,26.036133100000004,25.19463800000001,25.315121950000005,7301862,3948344,7777757,10224407,20205140,40576939,42,50,52,0.5778438,0.5364335,0.5361029,0.84653467,0.5959596,0.59799,0.9814939,0.9818466,0.977101,116542,112146,113978,1699,1579,1784
1646371741,13899,14939,14926,72876032,85928448,80685056,287056896,280494080,350580224,10713.148071289062,14314.54759979248,14520.190406799316,1909246280,2081350537,1652008005,35559.2,39151.316,37677.527,129.73962680579965,128.97914560240037,128.9051277932005,214.57635635000008,198.63783525000002,196.61228104999998,9.60745380456674,9.461614488633373,9.41348319224445,29.27148930000001,29.682268700000005,29.31900255,6338152,3318723,6631502,8945612,17087492,34568724,41,49,48,0.5743686,0.53544587,0.5333607,0.85353535,0.6368159,0.6111111,0.9852877,0.98071325,0.98096555,132902,133214,133246,2004,2198,1701
1646458062,14886,15303,14992,71827456,78630912,81730560,282388304,352595456,323589632,10450.362144470215,14150.184387207031,14430.599815368652,1899006540,1636192282,1822129081,39472.715,36389.293,38187.93,132.18369588500025,129.73049339319988,129.13409629780034,218.75498575,199.36939625000005,198.08267105000002,9.755968840177712,9.53387924363339,9.468741795666714,30.317691850000028,29.572997,29.651065600000017,6206758,3293541,6628344,8829309,16937339,34545739,42,49,49,0.5772768,0.5341726,0.53353626,0.86868685,0.63131315,0.6138614,0.9854919,0.97932744,0.9818572,135840,134217,133273,2014,1687,1936
1646544401,13060,14142,13837,70254592,83303936,75965440,311780280,344243712,398458880,10596.448463439941,14522.7777633667,14452.088424682617,1731563604,1479554514,1308882624,38946.906,41464.254,41576.543,118.94711970519961,114.11582751260016,115.18262533360014,198.3360777,177.52303670000003,178.47963825000002,8.743886893411176,8.346734181922178,8.448683942133213,27.15959985000002,26.179797950000005,26.17510425,6946014,3748290,7411904,9776400,19154583,38532176,42,49,49,0.5752977,0.5307835,0.5327953,0.815,0.6262626,0.615,0.9834348,0.9790916,0.9801726,122534,118125,118977,1811,1523,1308
1646630884,13050,15089,15367,72351744,79691776,82222592,274202624,342554624,340541952,10443.708183288574,14094.835968017578,14465.149772644043,1459418719,1733493446,1699962464,37706.9,40435.594,40464.754,131.6889754484006,123.83070500259981,127.01713747360007,220.32823200000007,189.8527826,195.22036695000003,9.748246285355654,9.127615491200073,9.284783116366738,30.48675945,28.44276315,28.895564850000007,6233128,3461790,6718610,8828650,17688523,34884121,42,49,50,0.5812454,0.5247838,0.5345278,0.84343433,0.6080402,0.61,0.9857662,0.9800634,0.9811566,134743,128256,131319,1556,1795,1782
1646717231,14135,15006,14123,73400320,82233344,81180672,260950016,313524224,314448896,10385.356506347656,14279.172401428223,14602.235336303711,1470369835,1570677811,1683478134,37133.49,42866.766,41094.492,115.69754838700011,111.65225904160009,110.5662387452002,195.00979780000003,174.38112175,173.00586905,8.587553858644402,8.219884857166674,8.10835390351107,26.376894600000025,25.743257000000014,25.500147400000014,7119896,3821177,7707585,9964441,19448258,40094748,41,53,49,0.58154464,0.5285361,0.5415024,0.8308458,0.6169154,0.6138614,0.9837947,0.97412163,0.9827643,118822,116109,114171,1559,1635,1744
1646803659,13870,14227,14860,70778880,82685952,81613312,256758272,335544320,301892608,10541.380554199219,14209.528114318848,14072.340377807617,1411264740,1476534250,1699271186,42568.645,44768.094,44602.6,110.91398688519993,108.22321118900008,108.74998119560006,186.72492955,169.32456660000003,168.15756185,8.209300046411148,7.901322588577697,7.98519075241107,25.76953095000001,24.513618150000003,25.0649008,7434334,3978086,7853363,10403760,20297552,40843795,42,49,51,0.57970166,0.53891003,0.5444645,0.865,0.6130653,0.615,0.9832005,0.98183656,0.97775894,114529,112043,113025,1492,1516,1763
1646890094,13963,15110,15427,71303168,78640128,79140864,273536000,335544320,347679744,10795.798164367676,14359.470527648926,14291.510192871094,1630473964,1808299615,1782290014,39453.992,38592.54,40338.266,131.13818585960033,133.5902435355997,133.6668455560005,226.32487905000005,208.61310255,208.67187505,9.715216783188788,9.779920366777665,9.777799802200045,30.419353750000017,30.754114050000002,30.238744950000005,6266819,3210692,6397571,8884711,16450845,33344183,42,49,48,0.5755502,0.5453022,0.53645045,0.8241206,0.675,0.62,0.98570585,0.98422104,0.9839759,134739,137436,137532,1738,1859,1843
1647062780,13425,14930,14849,69730304,82066944,81788928,251564544,350224384,338239488,10452.937370300293,14215.74681854248,14191.776527404785,1492904986,1310785487,1534658319,45208.723,47261.7,43993.105,112.71084131940003,109.1635956078001,110.4590436442002,193.59743615000002,170.54136785000003,173.6159149,8.339062255377844,8.032498402411257,8.129155075644569,25.93959490000001,24.921362800000015,25.334501050000007,7299166,3917644,7742229,10194009,20078386,40274421,41,51,49,0.5711449,0.53177834,0.5374125,0.85,0.595,0.6130653,0.9810603,0.9804719,0.98140293,116577,113089,114103,1584,1363,1582
1647149587,13803,15156,14949,71303168,84934656,79148544,260943360,316573184,348127232,10285.84602355957,14352.332649230957,14129.453300476074,1476932374,1816688884,1573568627,38596.68,38663.133,45100.13,127.42543347820069,124.01677411779983,125.18338634119954,214.23466995,192.92823174999998,193.52661930000002,9.401850417066681,9.108493985188897,9.131345690755515,28.368206750000006,28.093648850000015,28.428994050000004,6433042,6901183,6790515,9062557,36046557,35212740,41,49,48,0.5819045,0.5368286,0.5344485,0.840796,0.6169154,0.63316584,0.98559934,0.9787023,0.98190105,130787,128154,129187,1618,1909,1622
1647237091,13204,14032,14942,70778880,85862400,85925376,250233504,306634752,310691840,10552.884353637695,14238.979393005371,14194.73291015625,1476722421,1548897316,1609649693,50748.6,44433.06,42018.445,111.30493339800006,107.24974179640019,105.79059701860044,199.25435005000003,166.35234315000002,163.22061065,8.259430616100156,7.841656299266729,7.748047137677705,25.805353900000032,24.611813900000005,24.091201950000016,7399282,7940320,8077092,10308759,41112628,41772896,41,50,50,0.5860825,0.53721917,0.53291935,0.855,0.6119403,0.6060606,0.9828211,0.9800235,0.97622144,114481,111121,110123,1550,1617,1692
